Customer_Depot_ID,Supplier_Depot_ID
1.0,1
2.0,1
4.0,1
5.0,1
6.0,1
7.0,1
8.0,1
10.0,1
13.0,1
18.0,1
21.0,1
22.0,1
23.0,1
24.0,1
25.0,1
26.0,1
29.0,1
33.0,1
34.0,1
35.0,1
36.0,1
37.0,1
38.0,1
39.0,1
41.0,1
42.0,1
43.0,1
44.0,1
45.0,1
47.0,1
48.0,1
50.0,1
53.0,1
54.0,1
55.0,1
60.0,1
1.0,2
2.0,2
3.0,2
5.0,2
6.0,2
7.0,2
8.0,2
10.0,2
12.0,2
13.0,2
14.0,2
17.0,2
19.0,2
20.0,2
21.0,2
22.0,2
23.0,2
24.0,2
25.0,2
26.0,2
29.0,2
33.0,2
34.0,2
35.0,2
36.0,2
37.0,2
38.0,2
39.0,2
40.0,2
41.0,2
42.0,2
43.0,2
44.0,2
45.0,2
46.0,2
47.0,2
48.0,2
50.0,2
53.0,2
54.0,2
55.0,2
57.0,2
58.0,2
60.0,2
1.0,3
2.0,3
3.0,3
4.0,3
5.0,3
10.0,3
12.0,3
13.0,3
14.0,3
16.0,3
17.0,3
18.0,3
19.0,3
20.0,3
21.0,3
22.0,3
23.0,3
24.0,3
25.0,3
26.0,3
29.0,3
33.0,3
34.0,3
36.0,3
38.0,3
39.0,3
40.0,3
41.0,3
42.0,3
43.0,3
44.0,3
45.0,3
46.0,3
50.0,3
54.0,3
55.0,3
57.0,3
58.0,3
60.0,3
1.0,4
2.0,4
3.0,4
4.0,4
5.0,4
6.0,4
7.0,4
8.0,4
12.0,4
13.0,4
14.0,4
17.0,4
19.0,4
20.0,4
21.0,4
22.0,4
25.0,4
26.0,4
29.0,4
33.0,4
34.0,4
37.0,4
38.0,4
39.0,4
40.0,4
41.0,4
42.0,4
43.0,4
44.0,4
45.0,4
46.0,4
50.0,4
53.0,4
54.0,4
55.0,4
57.0,4
58.0,4
60.0,4
15.0,5
27.0,5
28.0,5
30.0,5
1.0,6
2.0,6
3.0,6
4.0,6
5.0,6
6.0,6
7.0,6
10.0,6
12.0,6
13.0,6
14.0,6
16.0,6
17.0,6
18.0,6
19.0,6
20.0,6
21.0,6
23.0,6
24.0,6
25.0,6
26.0,6
29.0,6
33.0,6
36.0,6
37.0,6
40.0,6
41.0,6
42.0,6
45.0,6
46.0,6
50.0,6
54.0,6
55.0,6
57.0,6
58.0,6
4.0,7
8.0,7
9.0,7
13.0,7
19.0,7
21.0,7
22.0,7
25.0,7
26.0,7
29.0,7
31.0,7
32.0,7
38.0,7
39.0,7
42.0,7
43.0,7
44.0,7
46.0,7
47.0,7
53.0,7
57.0,7
58.0,7
60.0,7
9.0,8
27.0,8
28.0,8
30.0,8
31.0,8
32.0,8
2.0,9
3.0,9
4.0,9
10.0,9
12.0,9
13.0,9
14.0,9
16.0,9
17.0,9
18.0,9
19.0,9
20.0,9
21.0,9
22.0,9
23.0,9
24.0,9
25.0,9
26.0,9
29.0,9
33.0,9
34.0,9
36.0,9
38.0,9
39.0,9
40.0,9
42.0,9
43.0,9
44.0,9
45.0,9
46.0,9
50.0,9
54.0,9
55.0,9
57.0,9
58.0,9
60.0,9
1.0,10
3.0,10
5.0,10
6.0,10
7.0,10
8.0,10
10.0,10
12.0,10
14.0,10
17.0,10
20.0,10
21.0,10
22.0,10
23.0,10
24.0,10
25.0,10
26.0,10
33.0,10
34.0,10
35.0,10
36.0,10
37.0,10
38.0,10
39.0,10
40.0,10
41.0,10
42.0,10
43.0,10
44.0,10
45.0,10
46.0,10
47.0,10
48.0,10
50.0,10
53.0,10
54.0,10
55.0,10
57.0,10
58.0,10
60.0,10
1.0,11
2.0,11
4.0,11
5.0,11
6.0,11
7.0,11
8.0,11
10.0,11
13.0,11
18.0,11
19.0,11
21.0,11
22.0,11
24.0,11
25.0,11
26.0,11
29.0,11
33.0,11
34.0,11
35.0,11
36.0,11
37.0,11
38.0,11
39.0,11
41.0,11
42.0,11
43.0,11
44.0,11
45.0,11
46.0,11
47.0,11
50.0,11
53.0,11
54.0,11
55.0,11
57.0,11
58.0,11
60.0,11
30.0,12
35.0,12
47.0,12
48.0,12
56.0,12
60.0,12
1.0,13
2.0,13
3.0,13
4.0,13
5.0,13
6.0,13
7.0,13
8.0,13
12.0,13
13.0,13
14.0,13
17.0,13
19.0,13
20.0,13
21.0,13
22.0,13
23.0,13
25.0,13
26.0,13
29.0,13
37.0,13
38.0,13
39.0,13
40.0,13
41.0,13
42.0,13
43.0,13
44.0,13
45.0,13
46.0,13
50.0,13
53.0,13
54.0,13
55.0,13
57.0,13
58.0,13
60.0,13
15.0,14
1.0,15
2.0,15
3.0,15
4.0,15
5.0,15
6.0,15
7.0,15
10.0,15
12.0,15
13.0,15
14.0,15
17.0,15
19.0,15
20.0,15
21.0,15
22.0,15
23.0,15
24.0,15
25.0,15
26.0,15
29.0,15
33.0,15
34.0,15
36.0,15
37.0,15
40.0,15
41.0,15
42.0,15
46.0,15
50.0,15
54.0,15
55.0,15
57.0,15
58.0,15
60.0,15
1.0,16
3.0,16
4.0,16
5.0,16
6.0,16
7.0,16
8.0,16
9.0,16
10.0,16
12.0,16
13.0,16
14.0,16
16.0,16
17.0,16
18.0,16
19.0,16
20.0,16
21.0,16
23.0,16
24.0,16
25.0,16
26.0,16
31.0,16
32.0,16
33.0,16
34.0,16
35.0,16
36.0,16
37.0,16
40.0,16
41.0,16
45.0,16
46.0,16
47.0,16
48.0,16
50.0,16
57.0,16
58.0,16
1.0,17
2.0,17
3.0,17
4.0,17
5.0,17
6.0,17
7.0,17
8.0,17
10.0,17
12.0,17
13.0,17
14.0,17
17.0,17
18.0,17
19.0,17
20.0,17
21.0,17
22.0,17
23.0,17
24.0,17
25.0,17
29.0,17
33.0,17
34.0,17
35.0,17
36.0,17
37.0,17
38.0,17
39.0,17
40.0,17
41.0,17
42.0,17
43.0,17
44.0,17
45.0,17
47.0,17
48.0,17
50.0,17
53.0,17
54.0,17
55.0,17
60.0,17
4.0,18
8.0,18
9.0,18
13.0,18
19.0,18
21.0,18
22.0,18
25.0,18
26.0,18
29.0,18
31.0,18
32.0,18
38.0,18
39.0,18
42.0,18
43.0,18
44.0,18
46.0,18
53.0,18
57.0,18
58.0,18
60.0,18
1.0,19
2.0,19
3.0,19
4.0,19
5.0,19
6.0,19
7.0,19
8.0,19
10.0,19
12.0,19
13.0,19
14.0,19
17.0,19
19.0,19
20.0,19
23.0,19
24.0,19
25.0,19
26.0,19
29.0,19
33.0,19
35.0,19
36.0,19
37.0,19
40.0,19
41.0,19
42.0,19
43.0,19
44.0,19
46.0,19
47.0,19
48.0,19
53.0,19
57.0,19
58.0,19
9.0,20
27.0,20
28.0,20
30.0,20
31.0,20
32.0,20
2.0,21
5.0,21
8.0,21
10.0,21
18.0,21
21.0,21
22.0,21
24.0,21
25.0,21
29.0,21
33.0,21
35.0,21
36.0,21
42.0,21
43.0,21
44.0,21
47.0,21
48.0,21
50.0,21
53.0,21
54.0,21
55.0,21
60.0,21
1.0,22
3.0,22
4.0,22
6.0,22
7.0,22
8.0,22
12.0,22
13.0,22
14.0,22
17.0,22
19.0,22
20.0,22
21.0,22
22.0,22
23.0,22
25.0,22
26.0,22
29.0,22
34.0,22
37.0,22
38.0,22
39.0,22
40.0,22
41.0,22
42.0,22
43.0,22
44.0,22
45.0,22
46.0,22
50.0,22
53.0,22
54.0,22
55.0,22
57.0,22
58.0,22
60.0,22
30.0,23
35.0,23
47.0,23
48.0,23
60.0,23
15.0,24
4.0,25
8.0,25
9.0,25
13.0,25
19.0,25
21.0,25
25.0,25
26.0,25
29.0,25
31.0,25
32.0,25
38.0,25
39.0,25
42.0,25
43.0,25
44.0,25
46.0,25
53.0,25
57.0,25
58.0,25
2.0,26
3.0,26
4.0,26
5.0,26
8.0,26
12.0,26
13.0,26
14.0,26
17.0,26
19.0,26
20.0,26
21.0,26
22.0,26
23.0,26
24.0,26
25.0,26
26.0,26
29.0,26
33.0,26
38.0,26
39.0,26
40.0,26
42.0,26
43.0,26
44.0,26
46.0,26
50.0,26
53.0,26
54.0,26
55.0,26
57.0,26
58.0,26
60.0,26
8.0,27
13.0,27
20.0,27
25.0,27
26.0,27
31.0,27
32.0,27
35.0,27
38.0,27
39.0,27
40.0,27
42.0,27
43.0,27
44.0,27
47.0,27
48.0,27
53.0,27
1.0,28
2.0,28
3.0,28
4.0,28
6.0,28
7.0,28
8.0,28
10.0,28
12.0,28
14.0,28
17.0,28
19.0,28
21.0,28
22.0,28
23.0,28
24.0,28
25.0,28
29.0,28
34.0,28
35.0,28
36.0,28
37.0,28
38.0,28
39.0,28
40.0,28
41.0,28
42.0,28
43.0,28
44.0,28
45.0,28
46.0,28
47.0,28
48.0,28
50.0,28
53.0,28
54.0,28
55.0,28
57.0,28
58.0,28
60.0,28
30.0,29
35.0,29
47.0,29
48.0,29
56.0,29
60.0,29
15.0,30
27.0,30
28.0,30
30.0,30
1.0,31
3.0,31
4.0,31
5.0,31
6.0,31
7.0,31
8.0,31
9.0,31
10.0,31
12.0,31
13.0,31
14.0,31
16.0,31
17.0,31
18.0,31
19.0,31
20.0,31
21.0,31
23.0,31
24.0,31
25.0,31
26.0,31
31.0,31
32.0,31
33.0,31
34.0,31
35.0,31
36.0,31
37.0,31
40.0,31
41.0,31
45.0,31
46.0,31
47.0,31
48.0,31
50.0,31
57.0,31
58.0,31
11.0,32
15.0,32
51.0,32
56.0,32
61.0,32
4.0,33
8.0,33
9.0,33
13.0,33
19.0,33
21.0,33
22.0,33
25.0,33
26.0,33
29.0,33
31.0,33
32.0,33
38.0,33
39.0,33
42.0,33
43.0,33
44.0,33
46.0,33
53.0,33
57.0,33
58.0,33
60.0,33
1.0,34
2.0,34
3.0,34
4.0,34
5.0,34
6.0,34
7.0,34
8.0,34
10.0,34
12.0,34
13.0,34
14.0,34
17.0,34
19.0,34
20.0,34
23.0,34
24.0,34
25.0,34
26.0,34
29.0,34
33.0,34
35.0,34
36.0,34
37.0,34
40.0,34
41.0,34
42.0,34
43.0,34
44.0,34
46.0,34
47.0,34
53.0,34
57.0,34
58.0,34
1.0,35
2.0,35
3.0,35
4.0,35
5.0,35
6.0,35
7.0,35
8.0,35
10.0,35
12.0,35
13.0,35
14.0,35
17.0,35
18.0,35
19.0,35
20.0,35
21.0,35
22.0,35
23.0,35
24.0,35
25.0,35
26.0,35
29.0,35
33.0,35
34.0,35
35.0,35
36.0,35
37.0,35
38.0,35
39.0,35
41.0,35
42.0,35
43.0,35
44.0,35
45.0,35
46.0,35
47.0,35
48.0,35
50.0,35
53.0,35
54.0,35
55.0,35
57.0,35
58.0,35
60.0,35
9.0,36
27.0,36
28.0,36
30.0,36
31.0,36
32.0,36
1.0,37
2.0,37
3.0,37
4.0,37
5.0,37
6.0,37
7.0,37
8.0,37
10.0,37
12.0,37
13.0,37
14.0,37
17.0,37
19.0,37
20.0,37
23.0,37
24.0,37
25.0,37
26.0,37
29.0,37
33.0,37
35.0,37
36.0,37
37.0,37
38.0,37
40.0,37
41.0,37
42.0,37
43.0,37
44.0,37
46.0,37
47.0,37
53.0,37
57.0,37
58.0,37
1.0,38
2.0,38
3.0,38
4.0,38
5.0,38
6.0,38
7.0,38
8.0,38
10.0,38
12.0,38
13.0,38
14.0,38
17.0,38
18.0,38
19.0,38
20.0,38
21.0,38
22.0,38
23.0,38
24.0,38
25.0,38
26.0,38
29.0,38
33.0,38
34.0,38
35.0,38
36.0,38
37.0,38
38.0,38
39.0,38
40.0,38
41.0,38
42.0,38
43.0,38
44.0,38
45.0,38
47.0,38
48.0,38
50.0,38
53.0,38
54.0,38
55.0,38
58.0,38
60.0,38
1.0,39
2.0,39
5.0,39
6.0,39
7.0,39
8.0,39
10.0,39
13.0,39
17.0,39
18.0,39
19.0,39
20.0,39
21.0,39
22.0,39
23.0,39
24.0,39
25.0,39
26.0,39
29.0,39
33.0,39
34.0,39
35.0,39
36.0,39
37.0,39
38.0,39
39.0,39
41.0,39
42.0,39
43.0,39
44.0,39
45.0,39
47.0,39
48.0,39
50.0,39
53.0,39
54.0,39
55.0,39
60.0,39
1.0,40
2.0,40
3.0,40
4.0,40
8.0,40
10.0,40
12.0,40
13.0,40
14.0,40
19.0,40
20.0,40
21.0,40
22.0,40
25.0,40
26.0,40
29.0,40
34.0,40
36.0,40
38.0,40
39.0,40
40.0,40
41.0,40
42.0,40
43.0,40
44.0,40
45.0,40
46.0,40
50.0,40
53.0,40
54.0,40
55.0,40
57.0,40
58.0,40
60.0,40
15.0,41
27.0,41
28.0,41
30.0,41
61.0,41
1.0,42
2.0,42
3.0,42
4.0,42
5.0,42
6.0,42
7.0,42
10.0,42
12.0,42
13.0,42
14.0,42
16.0,42
17.0,42
19.0,42
20.0,42
21.0,42
22.0,42
23.0,42
24.0,42
25.0,42
26.0,42
29.0,42
33.0,42
36.0,42
37.0,42
40.0,42
41.0,42
42.0,42
46.0,42
50.0,42
54.0,42
55.0,42
57.0,42
58.0,42
60.0,42
1.0,43
2.0,43
3.0,43
4.0,43
5.0,43
6.0,43
7.0,43
8.0,43
10.0,43
12.0,43
13.0,43
14.0,43
17.0,43
18.0,43
19.0,43
20.0,43
21.0,43
23.0,43
24.0,43
25.0,43
26.0,43
29.0,43
31.0,43
32.0,43
33.0,43
34.0,43
35.0,43
36.0,43
37.0,43
38.0,43
39.0,43
40.0,43
41.0,43
42.0,43
43.0,43
44.0,43
45.0,43
46.0,43
47.0,43
48.0,43
50.0,43
53.0,43
57.0,43
58.0,43
11.0,44
15.0,44
27.0,44
28.0,44
51.0,44
56.0,44
61.0,44
9.0,45
30.0,45
35.0,45
47.0,45
48.0,45
56.0,45
60.0,45
4.0,46
8.0,46
9.0,46
13.0,46
19.0,46
21.0,46
22.0,46
25.0,46
26.0,46
29.0,46
31.0,46
32.0,46
38.0,46
39.0,46
42.0,46
43.0,46
44.0,46
46.0,46
47.0,46
53.0,46
57.0,46
58.0,46
60.0,46
1.0,47
2.0,47
3.0,47
4.0,47
5.0,47
6.0,47
7.0,47
8.0,47
10.0,47
12.0,47
13.0,47
14.0,47
17.0,47
19.0,47
20.0,47
23.0,47
24.0,47
25.0,47
26.0,47
29.0,47
33.0,47
35.0,47
36.0,47
37.0,47
40.0,47
41.0,47
42.0,47
43.0,47
44.0,47
46.0,47
47.0,47
48.0,47
53.0,47
57.0,47
58.0,47
8.0,48
21.0,48
25.0,48
29.0,48
35.0,48
42.0,48
43.0,48
44.0,48
47.0,48
48.0,48
50.0,48
53.0,48
54.0,48
55.0,48
57.0,48
58.0,48
60.0,48
30.0,49
35.0,49
47.0,49
48.0,49
56.0,49
60.0,49
4.0,50
8.0,50
9.0,50
13.0,50
19.0,50
21.0,50
22.0,50
25.0,50
26.0,50
29.0,50
31.0,50
32.0,50
35.0,50
38.0,50
39.0,50
42.0,50
43.0,50
44.0,50
46.0,50
47.0,50
48.0,50
53.0,50
57.0,50
58.0,50
60.0,50
4.0,51
8.0,51
9.0,51
13.0,51
19.0,51
21.0,51
22.0,51
25.0,51
26.0,51
31.0,51
32.0,51
38.0,51
39.0,51
42.0,51
43.0,51
44.0,51
46.0,51
53.0,51
60.0,51
11.0,52
15.0,52
27.0,52
28.0,52
51.0,52
61.0,52
9.0,53
27.0,53
28.0,53
30.0,53
31.0,53
32.0,53
15.0,58
30.0,58
51.0,58
